{
    "model_name": "nakta",
    "execution_time": 948.268125,
    "cache": true,
    "accuracy": 0.8314080860386377
}