{
    "model_name": "nakta",
    "execution_time": 951.417125,
    "cache": true,
    "accuracy": 0.8312089225253934
}