{
    "model_name": "nakta",
    "inference_time": 799.883,
    "preprocessing time": 9.878819942474365,
    "model load time": 18.505454778671265,
    "cache": true,
    "acc norm": 0.8312089225253934
}