{
    "model_name": "nakta3",
    "inference_time": 618.646125,
    "preprocessing time": 9.944194078445435,
    "model load time": 16.550596475601196,
    "cache": true,
    "acc norm": 0.831009759012149
}