{
    "model_name": "nakta",
    "inference_time": 809.873,
    "preprocessing time": 14.666870832443237,
    "model load time": 80.54972267150879,
    "cache": true,
    "acc norm": 0.8313085042820155
}