{
    "model_name": "nakta5",
    "inference_time": 2.6406689453125,
    "preprocessing time": 9.70999526977539,
    "model load time": 17.176543474197388,
    "cache": true,
    "acc norm": 0.7
}