{
    "model_name": "nakta",
    "execution_time": 800.4590625,
    "cache": true,
    "accuracy": 0.8314080860386377
}